fname,label_verified
003b91e8.wav,4
00fbb28b.wav,20
013c3135.wav,7
018863f5.wav,29
02274ee8.wav,28
02d7fba3.wav,29
05d0dfa7.wav,15
05ecefbe.wav,39
0640c787.wav,37
07a99531.wav,15
0be52cd7.wav,21
0cafd32f.wav,32
0cea4550.wav,7
0ded93ce.wav,32
0e630318.wav,10
0ec012fc.wav,12
0fb464cf.wav,37
0fcdc341.wav,22
1068cb59.wav,11
10884a97.wav,29
10cf0a2c.wav,4
11782c39.wav,40
11cf5942.wav,19
11d93cd3.wav,36
12323e04.wav,17
1314cdad.wav,21
1397ddc8.wav,25
13ee6c44.wav,22
13f08982.wav,28
14683a1c.wav,37
14c22798.wav,32
14e27632.wav,5
1549bbaf.wav,7
15cc274e.wav,7
161bd007.wav,19
17b9396e.wav,37
1967e2b2.wav,37
199b1adf.wav,4
1c0d5682.wav,26
1c3b4067.wav,37
1d23c74b.wav,29
1e5fd361.wav,19
202b6258.wav,4
20f13d88.wav,37
212463da.wav,15
218f3cc6.wav,37
21c442db.wav,32
23c11bee.wav,37
240590c8.wav,30
26a9e392.wav,37
271f6198.wav,1
275b9330.wav,7
2777b9fa.wav,7
288821ab.wav,22
28a9502f.wav,28
28e0f162.wav,29
28f5dfd6.wav,29
29076655.wav,17
2939852d.wav,7
2979f92a.wav,7
2af5749f.wav,4
2b1ed909.wav,16
2b4524a7.wav,34
2b6f431f.wav,12
2bb21942.wav,19
2c81e1ce.wav,37
2cd3efb6.wav,37
2d1a30c9.wav,21
2d88dcef.wav,21
2e10afe3.wav,14
318f5562.wav,21
3254c6eb.wav,31
326c9e9a.wav,26
32c2eb1b.wav,37
33ae49c1.wav,29
34b432be.wav,25
34dd9426.wav,34
3505e582.wav,7
3564bae2.wav,29
363c41b3.wav,21
365bee4a.wav,20
36967fb1.wav,31
37319862.wav,4
3846f2fa.wav,29
386b8fc7.wav,22
38852ae1.wav,37
38bc302a.wav,22
38d2e014.wav,14
38d30516.wav,37
39d69471.wav,5
39ec9cc6.wav,37
3a460182.wav,29
3a89d0e3.wav,8
3a90abf3.wav,37
3b1d5657.wav,31
3b842547.wav,7
3c9aa9e8.wav,37
3cc6911c.wav,21
3ecef0f4.wav,37
3f3f7481.wav,19
413d90c2.wav,25
43a84fec.wav,37
43d0fe93.wav,19
44b3dad2.wav,37
455aee34.wav,11
4590ba37.wav,37
464c651e.wav,35
477622b6.wav,37
47797e57.wav,19
48cfca3e.wav,37
48ffd19b.wav,4
49223304.wav,29
493a0b43.wav,28
4ac4d857.wav,11
4b090c94.wav,29
4b0d5239.wav,7
4b2ef8c7.wav,25
4c5667a2.wav,37
4cf956a5.wav,11
4d2c6692.wav,7
4d596bea.wav,21
4e82d86d.wav,7
4f02375d.wav,29
50556530.wav,13
524dea8d.wav,37
5283a183.wav,21
53d5dfdf.wav,37
54b61eec.wav,22
54c32b7a.wav,37
55c288a5.wav,15
5604d72a.wav,7
5631d60b.wav,37
5666db3a.wav,26
56de1a6e.wav,21
58ba4d53.wav,32
5a53e933.wav,37
5aa7d1d3.wav,37
5adcf9b3.wav,14
5d5ea0ea.wav,7
5d902b1c.wav,21
5db43d95.wav,28
5dd6e37d.wav,37
5e04aa68.wav,4
5e999857.wav,25
5ec49ef4.wav,19
6123a18d.wav,5
619d8d1e.wav,37
62532077.wav,21
63190691.wav,32
632fd5c9.wav,21
639cd52b.wav,37
63b95f33.wav,9
63b9e36a.wav,29
643e4e39.wav,31
65d7c8a6.wav,15
65f60c42.wav,37
66895845.wav,15
66af2f72.wav,19
66ccbc5f.wav,37
68942258.wav,22
69cadbf5.wav,16
6a3bfead.wav,15
6a7c4f15.wav,4
6b33850f.wav,8
6b6bdc93.wav,37
6c84907a.wav,19
6d1e1e67.wav,37
6d4fca1c.wav,22
6eebda32.wav,12
6f02c591.wav,1
6fcb552a.wav,37
6ff78d91.wav,29
6ffb293d.wav,8
70b68ba0.wav,14
70c6e930.wav,37
70f8f833.wav,37
71880131.wav,8
73a8474b.wav,17
7451c631.wav,21
74580db9.wav,31
745bec80.wav,2
7573f583.wav,21
75b62674.wav,37
75eeefbf.wav,22
76d5c245.wav,22
76edf646.wav,22
774ecc06.wav,8
78697428.wav,37
7aa0da32.wav,25
7abd44d6.wav,21
7b4d4b59.wav,37
7ca8edbe.wav,37
7caea617.wav,10
7d639c49.wav,9
7f28550a.wav,37
7fa57f89.wav,37
7fd9457c.wav,7
7ff85c01.wav,22
80a3da4a.wav,19
81db9098.wav,21
82df2d57.wav,21
84a7f354.wav,7
856ef8d7.wav,29
85f0bac3.wav,22
85fd2b40.wav,7
86154cb7.wav,39
86bb7902.wav,37
87192927.wav,37
87b9435b.wav,24
888cff5e.wav,36
88e24910.wav,32
89f13bb9.wav,22
8a3e5147.wav,7
8b3be47e.wav,15
8b563f92.wav,15
8b5fbd09.wav,14
8c1a31cf.wav,37
8db20ce5.wav,20
8dd47439.wav,2
8ef998b5.wav,28
8f5d2164.wav,32
8f5e0b34.wav,37
920fea97.wav,28
9267faa4.wav,37
9325ce28.wav,19
93471679.wav,12
941948de.wav,7
945aa934.wav,14
9615da77.wav,7
9663a64a.wav,37
97c1f8fe.wav,25
98541a04.wav,11
99cffa38.wav,9
9a670ef2.wav,18
9ad76285.wav,37
9b3ec9e8.wav,37
9bccae2b.wav,37
9c0b64c2.wav,21
9c452692.wav,39
9c5309e1.wav,26
9c673f64.wav,30
9ca86e5e.wav,37
9d26beb5.wav,37
9d362e9a.wav,37
9dae96ae.wav,3
9deab5af.wav,12
9f2c9979.wav,39
9f436c6d.wav,37
a0673b37.wav,37
a0b9f73f.wav,21
a0eb3d76.wav,19
a1173189.wav,12
a4757637.wav,5
a4cf4827.wav,21
a6066192.wav,39
a6673e24.wav,21
a77ebbe0.wav,25
a91f4173.wav,22
a9ec1624.wav,39
aac455cf.wav,22
ab0b97e0.wav,31
ab64c062.wav,7
ab81b78c.wav,16
ace78db8.wav,19
ad7a0dd8.wav,7
adbf981b.wav,37
ae578781.wav,16
ae733935.wav,29
ae8eee17.wav,7
aea6b912.wav,21
af1b4a91.wav,15
af37d60f.wav,10
afd24fef.wav,12
b04794e5.wav,29
b124ad3b.wav,1
b191ac63.wav,7
b2553a6c.wav,15
b2c3d2d3.wav,37
b342cc2f.wav,21
b3ad87ce.wav,4
b41d03ad.wav,19
b462999a.wav,29
b47d9321.wav,22
b50bbfa4.wav,38
b59561bd.wav,29
b5e11334.wav,1
b5ebeb4e.wav,9
b6013534.wav,5
b6383321.wav,19
b63eadcd.wav,8
b71198f4.wav,37
b742c26a.wav,7
b76c5981.wav,15
b79efb34.wav,32
b7fbbe04.wav,19
b7fe0cfc.wav,37
b816a73f.wav,37
b90c2e7a.wav,12
ba1506ca.wav,9
ba2d4593.wav,15
ba9a7b0f.wav,21
bac94c1b.wav,37
bb0f5596.wav,7
bb3ba367.wav,37
bb43b1db.wav,32
bb4e4f47.wav,21
bb5cd4e6.wav,26
bbb2eb98.wav,37
bc192c1b.wav,37
be8920cb.wav,12
bf0d0b86.wav,37
c151663f.wav,29
c1ec5ecb.wav,15
c294590a.wav,7
c33a994b.wav,12
c3846bb1.wav,21
c51c58c7.wav,34
c5bcc937.wav,37
c63f6883.wav,16
c6c921c2.wav,37
c74ea973.wav,29
c835e32a.wav,4
c8926980.wav,37
cb8022d1.wav,7
cc5662e7.wav,16
cc99880a.wav,25
ccb19f8e.wav,31
cccd5be2.wav,16
cce06a6e.wav,37
cd40bd32.wav,7
cd5562d2.wav,29
ce21d830.wav,35
ce7c819c.wav,8
cea12d19.wav,37
cf048634.wav,37
cfccd445.wav,8
cffa76ed.wav,11
d0160c41.wav,5
d112acaa.wav,5
d2d75dcb.wav,9
d3a61fcb.wav,22
d489c579.wav,38
d665021b.wav,21
d681e33e.wav,8
d7aae6fd.wav,22
d862ea18.wav,21
d88efdeb.wav,13
d906e3c1.wav,37
d9261ff8.wav,37
d92e7d4c.wav,37
da0373df.wav,5
db810d76.wav,37
dba08cf8.wav,21
dbc6d76e.wav,12
dd5411fe.wav,29
dd70a377.wav,21
dd9d2fc1.wav,37
de270492.wav,31
de2fe184.wav,5
de7d1f2a.wav,37
df003f06.wav,15
e072c537.wav,21
e0c92985.wav,29
e2983e51.wav,15
e2e24e19.wav,21
e2eaa1f9.wav,24
e3278076.wav,37
e3a8785c.wav,21
e3d9e1f9.wav,30
e3f49d2d.wav,37
e4d3dad6.wav,26
e4fac263.wav,39
e54a048a.wav,12
e5639c51.wav,7
e5fb3705.wav,11
e6a72f99.wav,39
e6d2a47c.wav,19
e74ed033.wav,37
e7652e6c.wav,25
e772d204.wav,14
e78b6283.wav,15
e7ac44d0.wav,19
e7c26296.wav,11
e81a0e3d.wav,12
e86bee0a.wav,21
e920cbbb.wav,7
e93bd6e5.wav,37
e97e4eef.wav,19
ea4bd189.wav,11
ea9fc5ca.wav,15
ead4ea8c.wav,11
eb9f5d2d.wav,22
ec0f36da.wav,10
eccca225.wav,31
ed3bb289.wav,38
ed5caa7c.wav,1
ed941e89.wav,4
edae9f54.wav,16
ee1529d2.wav,4
ee319540.wav,37
ee7f82f8.wav,21
eec19955.wav,32
ef5bb712.wav,37
effd020c.wav,7
f0a466a1.wav,22
f1119913.wav,21
f1ef90d8.wav,28
f2331998.wav,11
f256d891.wav,19
f2bf6305.wav,37
f3affcf1.wav,37
f466f9b6.wav,37
f4c6244f.wav,11
f67bf992.wav,28
f7c0ebf8.wav,12
f8d67cee.wav,21
f8dd670f.wav,21
f947ca73.wav,22
faf11428.wav,37
fb25e7ba.wav,37
fb4858c1.wav,37
fb7eea4f.wav,37
fba14686.wav,5
fbb6233a.wav,21
fd07ab39.wav,15
fd64ad7d.wav,37
fe0cb23e.wav,7
008afd93.wav,1
00a161c0.wav,4
00a7a2f6.wav,7
00ae03f6.wav,20
00ccf065.wav,21
00d0ab77.wav,7
00e33205.wav,7
0102a895.wav,4
016e52da.wav,16
01a5a2a3.wav,19
01bede12.wav,2
01e628cb.wav,7
01eccb6e.wav,7
023e7db3.wav,16
0298b2c6.wav,16
02c3af87.wav,2
02d9b93c.wav,1
02f8d82c.wav,2
0345130c.wav,2
034b1b41.wav,16
034c1c69.wav,16
0381efd3.wav,29
03953467.wav,16
039d36e9.wav,4
03e860b2.wav,2
03f2e21f.wav,4
0419676b.wav,7
041983cd.wav,38
041c68ec.wav,4
041eed83.wav,36
0448d513.wav,4
0459ee65.wav,7
045c9ea8.wav,7
04ab46a9.wav,4
04bdae57.wav,0
04d15abd.wav,2
0509ce2f.wav,0
05296d2a.wav,7
053a5fc6.wav,0
054508f3.wav,21
05562991.wav,16
057c2963.wav,7
059d5420.wav,1
05f40290.wav,4
05fca090.wav,16
06123abf.wav,38
06308a6b.wav,4
063d81f8.wav,7
0671a98a.wav,2
0678a571.wav,2
067d6a04.wav,16
069b1efa.wav,16
0722054b.wav,7
0761d26b.wav,37
07682400.wav,15
076d3b6c.wav,2
07776603.wav,2
079367a7.wav,16
07989042.wav,2
07d62787.wav,2
07f06f30.wav,21
0802d9ec.wav,2
085a9c5b.wav,4
08fcf830.wav,16
092d89a0.wav,4
09481a4c.wav,21
0967cebd.wav,1
0969d9d1.wav,4
0995f876.wav,1
09b3e21c.wav,7
09c9b50b.wav,1
09d2d1c0.wav,1
09e83f2a.wav,1
09eb9ddb.wav,4
0a0b26cc.wav,21
0a979caf.wav,7
0aaa4d2f.wav,21
0aab4d0f.wav,2
0ace560e.wav,7
0b244358.wav,2
0b273087.wav,7
0b62b09f.wav,7
0b763e4f.wav,2
0ba34dec.wav,7
0bc938fb.wav,4
0bdc064a.wav,16
0bec9842.wav,7
0c1bb3e9.wav,16
0c1fbece.wav,2
0c31ca4c.wav,16
0c3b5861.wav,7
0c561099.wav,2
0c58f71a.wav,7
0c6ccd3a.wav,2
0c736a0f.wav,2
0c80cb97.wav,2
0ce09e4a.wav,16
0cec29e8.wav,16
0cf319fa.wav,16
0d242640.wav,7
0d5bb142.wav,2
0d950fc6.wav,21
0db35f79.wav,21
0df38dfd.wav,4
0e1bd033.wav,37
0e596194.wav,7
0e5a2f7e.wav,21
0e666b44.wav,7
0e70bdaa.wav,16
0e7d6e2d.wav,4
0e7e36b2.wav,21
0edbfc63.wav,16
0f0b1ca2.wav,4
0f0d26ff.wav,16
0f545c0a.wav,16
0f6dd6d8.wav,16
0fae3120.wav,7
0fc2e748.wav,2
0fcd2371.wav,37
0fd76662.wav,1
10039900.wav,16
10098579.wav,7
100c5246.wav,2
10252b9e.wav,7
1054db8c.wav,16
1071703e.wav,4
1099a7a8.wav,2
10d3b2ec.wav,7
10d9265f.wav,4
111dd875.wav,4
113b0e32.wav,38
11770392.wav,0
11844b37.wav,7
11867b61.wav,16
118f1763.wav,7
119a3278.wav,37
11cc6d11.wav,2
11e6a1ec.wav,21
11e95378.wav,21
11fa11a0.wav,2
12034b1a.wav,4
120c7292.wav,16
122f1508.wav,7
1242ac46.wav,7
12798b6a.wav,21
12a0327a.wav,7
12ae3ff9.wav,21
12bf9735.wav,7
12d94273.wav,29
12edfe79.wav,2
12f5ec05.wav,16
12f71a9d.wav,2
12fb2e35.wav,37
13cc0201.wav,7
13d4af26.wav,7
13d6fb26.wav,21
13e4f495.wav,7
140d79b0.wav,7
142258b7.wav,16
1457e269.wav,7
1460cf8c.wav,4
1467ad73.wav,4
147b4b92.wav,2
14ba2025.wav,7
150429d6.wav,7
150e1dd2.wav,7
151254c2.wav,7
15345e4a.wav,16
15389a70.wav,7
153a0440.wav,4
15860b48.wav,7
158bd28f.wav,21
160f466f.wav,2
162e8246.wav,16
16348aa9.wav,38
16431ede.wav,21
164f3510.wav,16
16612ee5.wav,4
1674eaff.wav,4
168dde05.wav,7
16991fc7.wav,2
1699bae8.wav,21
16bd8f47.wav,2
16d0c74a.wav,39
17356873.wav,4
17490d6b.wav,21
17511eae.wav,2
1779afe8.wav,34
17a5de4f.wav,2
17a87178.wav,7
17ad9090.wav,16
17c6a405.wav,37
17d75970.wav,2
17e3144e.wav,7
17ee3009.wav,2
17fc511c.wav,27
181505d1.wav,7
187e3878.wav,21
18841b79.wav,4
18a6df57.wav,16
18de723e.wav,4
18ea036e.wav,4
18f56a28.wav,7
192b0f83.wav,2
19488282.wav,2
198e4540.wav,7
19a33fef.wav,4
19afe1a7.wav,38
19b5d0da.wav,38
19d11a47.wav,16
19d99b8e.wav,7
1a14b601.wav,16
1a1da2bf.wav,2
1a3cf6de.wav,4
1ace26c4.wav,37
1ae9b98d.wav,4
1b31d71a.wav,2
1b3e0883.wav,7
1b3e2c90.wav,38
1b3ff3e3.wav,2
1b4fa840.wav,21
1b88d7ed.wav,16
1b9ea23e.wav,4
1ba287ab.wav,2
1bf6b145.wav,16
1c55199a.wav,16
1c692b4d.wav,2
1c75b34c.wav,16
1d5ecf23.wav,4
1d6703ef.wav,7
1d813ffe.wav,21
1d8fe11d.wav,16
1d998952.wav,7
1db6e253.wav,2
1dd17652.wav,16
1e341076.wav,4
1e446435.wav,16
1e70367a.wav,7
1e8b3890.wav,7
1e8ff880.wav,39
1ec6c9c2.wav,5
1ed7d644.wav,7
1ee40c0c.wav,2
1f1fd692.wav,16
1f242424.wav,16
1f3a50a0.wav,7
1f6a1b37.wav,7
1f930b2c.wav,16
1f98ef16.wav,4
1fb9cfa5.wav,2
1fca15e6.wav,7
1ffdc20f.wav,2
201971e7.wav,16
201c4361.wav,2
202d5a05.wav,16
202ed586.wav,16
20379099.wav,4
206595a3.wav,7
20952acc.wav,2
20961a62.wav,4
20a9b42d.wav,21
20ae3b24.wav,7
20b395d8.wav,2
20e9b791.wav,2
20ecadb7.wav,2
216a20e4.wav,7
2177220a.wav,0
2187cb81.wav,39
2196f89c.wav,39
21d14004.wav,7
21e3e612.wav,2
2216fc49.wav,21
223b7df6.wav,16
225f0626.wav,2
226ea2c6.wav,16
22f70afe.wav,39
23029663.wav,21
23176e01.wav,16
233a83b7.wav,21
2399acef.wav,4
23d4cbff.wav,7
23ede927.wav,2
2429265b.wav,21
243ab0b7.wav,4
24599c96.wav,4
2472cdfe.wav,7
24a8c4c4.wav,7
24cb7cdd.wav,39
24db4a9b.wav,2
24f112b3.wav,15
24f24bc6.wav,7
25497688.wav,2
25510ad1.wav,38
25587ccb.wav,2
256056a2.wav,16
2594db13.wav,4
259af139.wav,4
260bb8da.wav,16
2672f2c0.wav,7
26798084.wav,2
267d784e.wav,4
26dfd4b5.wav,2
2715fb9c.wav,7
27295d65.wav,2
272e7b10.wav,21
2765283f.wav,2
276a23a7.wav,2
277b5cdb.wav,7
27c6d974.wav,2
27d0b45b.wav,7
27ebc5bc.wav,4
281be83f.wav,2
2821a9d4.wav,16
28242abf.wav,16
28265fec.wav,7
28282534.wav,2
2867fd4f.wav,7
28c65e4d.wav,39
28d992e4.wav,16
29156b8d.wav,16
293680af.wav,2
29627bb1.wav,7
2977e22d.wav,4
299a2a64.wav,21
29a4a1b8.wav,7
29f34904.wav,16
29fd1b32.wav,21
2a036994.wav,4
2a1380db.wav,2
2a4a615f.wav,1
2a55aedb.wav,0
2a91718b.wav,2
2a93f776.wav,7
2aac07cd.wav,2
2ac3592d.wav,4
2ad5c7c8.wav,7
2b04a6a9.wav,2
2b0f0ad5.wav,2
2b7b39be.wav,2
2b8f6e49.wav,39
2bb1d055.wav,4
2bd000e5.wav,0
2be1bae5.wav,4
2c287b2c.wav,38
2c5e7ee0.wav,16
2c780aaa.wav,4
2c96dab1.wav,7
2d0daf66.wav,7
2d264806.wav,30
2d4e35a0.wav,16
2d589634.wav,16
2d5984c7.wav,4
2d6609d7.wav,16
2d6de409.wav,2
2d860064.wav,16
2da2e399.wav,16
2e196409.wav,4
2e2c6032.wav,16
2e2f2bc4.wav,2
2e42ccd2.wav,2
2ed69e64.wav,7
2f5c2852.wav,16
2f74ed29.wav,21
2f74f4f4.wav,4
2f792ac7.wav,21
2f9df9d5.wav,2
301a0f8d.wav,21
302bc9d1.wav,7
3053d06b.wav,7
3077dab1.wav,37
307d21e8.wav,2
30b62182.wav,7
30bb235b.wav,16
30ed02dc.wav,7
30f4864f.wav,7
311795eb.wav,4
3125f4e2.wav,7
31370617.wav,2
313b6bd6.wav,4
318ad3a7.wav,4
31b1b1af.wav,16
31c02993.wav,7
31c321b9.wav,7
31ede8e7.wav,16
31fa9662.wav,7
321118ec.wav,2
321d9f06.wav,2
322f6dfb.wav,4
326c56ff.wav,7
327e7750.wav,7
32b64892.wav,4
331332e4.wav,37
334f6481.wav,2
339cbd32.wav,14
33a0fa9d.wav,16
33bf100e.wav,7
33db956c.wav,4
33ea32c3.wav,16
340afc6a.wav,2
340bc3cd.wav,7
343f0d14.wav,16
345441d2.wav,2
3463f897.wav,7
3466b1c4.wav,4
3467f48f.wav,2
347bcaa2.wav,21
34a3bc46.wav,16
34d1fffa.wav,4
3533dc16.wav,2
3542eddc.wav,4
356cab15.wav,16
359c9ba3.wav,7
35def6dc.wav,2
35ff3f29.wav,2
361c028f.wav,1
361fbd17.wav,7
3623b02e.wav,7
363a3760.wav,16
36690c27.wav,7
3670cc04.wav,7
36a0c334.wav,14
36a92b29.wav,7
36d47091.wav,7
36f6ba1e.wav,2
370cad4d.wav,4
374a434b.wav,7
37694c0e.wav,7
3790ad69.wav,2
37a65d69.wav,21
37c1e139.wav,16
37e94b1c.wav,7
381eeffa.wav,16
38284f2a.wav,1
3831e47e.wav,38
383c3a2f.wav,4
385e5766.wav,16
387da23f.wav,2
38804df8.wav,2
38a02855.wav,7
38a944f7.wav,5
38d92a57.wav,4
3927bed7.wav,4
39638219.wav,2
397c8ecf.wav,21
3989a3f8.wav,2
39b33737.wav,2
39b4dc60.wav,2
39baed1a.wav,16
39dac8ec.wav,2
39e17212.wav,7
39ebc50e.wav,16
3a2b16bb.wav,2
3a6800f9.wav,4
3a73a784.wav,2
3a891940.wav,4
3abb82a8.wav,16
3ac452a6.wav,29
3acaed28.wav,4
3b17670b.wav,4
3b1ecb2f.wav,4
3b4d8fb9.wav,7
3b66f852.wav,2
3b781a97.wav,1
3b9d4a87.wav,4
3c05ee07.wav,2
3c0e6e53.wav,25
3c49ddbb.wav,16
3c7db3ac.wav,2
3c8ab792.wav,4
3cc89a98.wav,16
3cd53659.wav,4
3d0ec9da.wav,4
3d147046.wav,7
3d300af6.wav,4
3d74e612.wav,16
3d7945b9.wav,21
3da51b49.wav,16
3dcbefe2.wav,7
3ddc8d03.wav,2
3df030f4.wav,2
3df8b04c.wav,16
3e0790d9.wav,21
3e09ffa5.wav,4
3e0dab7d.wav,7
3e2cc8ac.wav,21
3ea8071a.wav,5
3f1983c4.wav,20
3f292d29.wav,7
3f40ac16.wav,21
3f602de6.wav,2
3f6727f4.wav,21
3fad1612.wav,16
3ffa47a3.wav,4
40188a92.wav,4
401abadb.wav,7
40290b3a.wav,14
4041035d.wav,16
406845db.wav,7
4069fc99.wav,2
406e49e3.wav,2
4072a67c.wav,21
40ee7f27.wav,2
40f595b9.wav,4
40f8b146.wav,7
411418ba.wav,38
41213cff.wav,7
4199d0f0.wav,2
41bb589f.wav,7
41bba462.wav,2
41ebdb67.wav,25
41ed04fc.wav,7
41fd4d3b.wav,22
422b26aa.wav,7
423afcad.wav,4
42557556.wav,26
4272aa40.wav,7
42953ec5.wav,0
42aea0ea.wav,4
42afb95e.wav,21
42afd261.wav,2
42d318cd.wav,2
42d59b16.wav,21
42e300f5.wav,7
42f2c1a0.wav,2
43159367.wav,7
433221cb.wav,1
4342d13c.wav,16
4344dcbc.wav,16
4368932b.wav,7
43f06615.wav,4
43f62beb.wav,7
440e4313.wav,2
44481c55.wav,4
444e5a52.wav,16
447a55a5.wav,7
4485c487.wav,2
4493afc5.wav,4
449d3555.wav,2
449d6af5.wav,37
44ec65ad.wav,4
450a1f1d.wav,7
452da28b.wav,6
45938169.wav,2
45976cf7.wav,21
45fd564e.wav,2
46121269.wav,29
46200873.wav,16
462ec068.wav,4
46380229.wav,39
466647df.wav,16
467c5a5a.wav,2
46a20346.wav,7
46a4d46b.wav,7
46e1f70a.wav,37
46f07933.wav,21
4733f511.wav,2
473bd952.wav,4
47795659.wav,2
47acbfcd.wav,38
47b7eb95.wav,7
47ca6f5b.wav,4
487c9504.wav,2
48b961a9.wav,2
48f58974.wav,7
48fa052d.wav,21
4924e7be.wav,7
493d920d.wav,4
497ee9c2.wav,7
4998e51d.wav,14
49c7e41d.wav,7
49cb8e6b.wav,7
49db47e7.wav,2
49e1ad64.wav,2
49ef9965.wav,26
49f25a4c.wav,21
49f76294.wav,7
4a0537ca.wav,16
4a1bb3e6.wav,2
4a28c8be.wav,16
4a7319b5.wav,2
4a8ac0e2.wav,21
4aad15d9.wav,4
4addb944.wav,7
4ae1e938.wav,2
4ae5ced1.wav,2
4b14fec0.wav,21
4b1af84f.wav,4
4b33f11f.wav,4
4b42bacb.wav,2
4b4367eb.wav,4
4b61f887.wav,7
4b746e56.wav,7
4b835e6e.wav,1
4b9b7a53.wav,7
4bab7e93.wav,4
4bdc4632.wav,16
4c4d6cbf.wav,4
4c64aea6.wav,21
4c88c2a3.wav,7
4ca292fe.wav,4
4ca2ed5b.wav,2
4cca2950.wav,16
4d320a43.wav,16
4d417f72.wav,21
4d508a2d.wav,7
4d551930.wav,2
4d61d0cf.wav,7
4d7520d8.wav,7
4d75e468.wav,7
4da6b455.wav,16
4dba7f10.wav,4
4dd8dcc5.wav,16
4ddddf54.wav,7
4dee83d1.wav,7
4e1ae4b7.wav,30
4e8a1870.wav,7
4e904f15.wav,16
4eb467dd.wav,16
4ec08db6.wav,7
4edd0286.wav,16
4f68c317.wav,0
4fe25887.wav,2
5007f7ec.wav,4
501042fa.wav,2
5040f19a.wav,2
504731b0.wav,2
50a11011.wav,7
50a7ee5b.wav,14
50dcac80.wav,7
50dfe10a.wav,16
511f4dfe.wav,4
5163ad99.wav,2
51ab7f85.wav,2
51e25568.wav,16
51e9efeb.wav,2
520dd11d.wav,39
52bb5768.wav,7
53029862.wav,7
531c52d1.wav,16
534485db.wav,16
53513da6.wav,7
5351625e.wav,16
535b5dcd.wav,16
5363578d.wav,21
53955f4e.wav,7
53a1c7be.wav,21
53a5fb9b.wav,21
53b2c09a.wav,2
53e4d869.wav,16
53e7eb7d.wav,2
54119706.wav,7
545a71f1.wav,4
547d9c55.wav,2
549654e4.wav,4
553f8a35.wav,8
55792fcc.wav,2
5589c20b.wav,38
559c21bc.wav,25
55b62540.wav,7
55c94d15.wav,7
55cc505e.wav,2
55d3227f.wav,18
55dae141.wav,4
55efa01f.wav,16
5642d9df.wav,2
56491823.wav,7
565ef78b.wav,7
56648d43.wav,4
567d7ee2.wav,16
5698235b.wav,14
56dc4aa9.wav,14
56dd0ce9.wav,14
56e77c8e.wav,2
5701e972.wav,16
573495c1.wav,16
573bf8b0.wav,7
57456bf8.wav,25
5750da4c.wav,21
57551b88.wav,7
5762834e.wav,2
578ee6c4.wav,16
579d6de4.wav,2
57a43af9.wav,4
57a656ec.wav,16
57ba1700.wav,16
57dc8d92.wav,4
58050f57.wav,2
58477ce0.wav,21
585a58c9.wav,2
5869a324.wav,7
586a68fb.wav,21
58864b07.wav,2
5895612c.wav,7
58a13aa9.wav,2
5924a0f4.wav,18
592f32bb.wav,16
5931d373.wav,21
59405f12.wav,16
5990b620.wav,38
59be5629.wav,16
59c0b2f4.wav,2
5a359de9.wav,16
5a7a48dc.wav,16
5ad7df28.wav,7
5af2e1c0.wav,2
5b115dac.wav,16
5b3f8368.wav,2
5b851ffe.wav,2
5b919eb9.wav,7
5bb3f86e.wav,2
5bd56228.wav,16
5bdf9936.wav,2
5bf5f3d3.wav,16
5c5ade13.wav,21
5c928608.wav,0
5cb5b970.wav,7
5cc08cf4.wav,2
5cd55cae.wav,21
5cdfe908.wav,6
5ce3caa2.wav,7
5d1ac636.wav,21
5d21d960.wav,2
5d35a07a.wav,4
5d5a4993.wav,4
5d86facc.wav,16
5d8c16ab.wav,16
5dad64eb.wav,7
5dd556a3.wav,7
5ddfcf11.wav,7
5e152e41.wav,2
5e25d83b.wav,37
5e300654.wav,2
5e5f7913.wav,4
5e892fbb.wav,4
5ebdf24d.wav,0
5f0501c2.wav,2
5f462f8a.wav,16
5fc59d2a.wav,7
60304185.wav,39
60307496.wav,16
606de107.wav,7
610df4a9.wav,16
61470452.wav,21
614a7c76.wav,16
6157794c.wav,16
617779d4.wav,7
61839d77.wav,16
619501cb.wav,16
619d237e.wav,7
61db8ead.wav,4
61e008b7.wav,37
61fd353f.wav,7
6206fd72.wav,16
6210a984.wav,7
62262a2a.wav,2
627f0769.wav,39
629ee2d7.wav,21
62e448c2.wav,2
6315baf0.wav,4
631ae459.wav,7
631cf337.wav,16
634e7252.wav,16
63791aa4.wav,21
6382f834.wav,2
641ffedb.wav,7
64253f06.wav,1
64518ed7.wav,21
647dbd54.wav,4
648411f8.wav,2
648605e6.wav,7
64c321fb.wav,4
64ebf1d2.wav,21
64f1a7f7.wav,37
653b11e8.wav,7
65406a82.wav,16
65447e9c.wav,4
65a6acce.wav,7
65e53de3.wav,7
65e8e70f.wav,21
660eb54f.wav,2
661fc539.wav,5
66403042.wav,2
66660ca1.wav,13
667e64ad.wav,16
6698690e.wav,16
669e70f6.wav,1
6728f881.wav,7
6747e1dd.wav,16
675eb84e.wav,21
677f3594.wav,16
67e3b004.wav,4
67ec5ee0.wav,20
68043218.wav,16
6818c3b7.wav,4
6826cf57.wav,16
682ea5c2.wav,2
68307dfd.wav,16
68516de2.wav,16
6877b556.wav,0
68a0da1f.wav,2
68a70c21.wav,2
68a8a516.wav,4
68b4471a.wav,2
6911f1ba.wav,16
691e2ba7.wav,7
69203905.wav,7
69657535.wav,21
69764012.wav,21
69765685.wav,7
69782821.wav,7
6985e62e.wav,2
698f7dfd.wav,6
69fb974d.wav,7
69fcaa90.wav,21
6a010a3b.wav,4
6a49870b.wav,7
6a4a0f6c.wav,2
6a59da0e.wav,2
6a770aa1.wav,7
6a8e3fbf.wav,5
6aa576a2.wav,29
6aaaedea.wav,30
6ab2a13b.wav,19
6ab6ca9b.wav,7
6ab8e56f.wav,2
6add5aad.wav,16
6ae82a23.wav,2
6aefce55.wav,2
6afad514.wav,7
6b0f949f.wav,2
6b3059b8.wav,2
6b36f034.wav,22
6b50678c.wav,16
6b7bf6b5.wav,7
6ba224eb.wav,7
6ba93bc4.wav,37
6bb03f15.wav,2
6bb1c90d.wav,16
6bb90c4c.wav,37
6bc16751.wav,21
6bc2655b.wav,16
6bcd2a18.wav,16
6bd39e8c.wav,4
6be65f36.wav,7
6be8ef5e.wav,2
6bfd7d5c.wav,2
6c439697.wav,2
6c4af144.wav,16
6c52dca1.wav,21
6ca84692.wav,1
6ce6a2ef.wav,21
6cefbb09.wav,2
6d1a1550.wav,16
6d27faa4.wav,4
6d3b048d.wav,7
6d5ab752.wav,4
6d76a34f.wav,0
6d76af60.wav,21
6d849b2f.wav,16
6d8e295f.wav,7
6de0ac67.wav,5
6df0ac7a.wav,16
6e140192.wav,4
6e15fa46.wav,21
6e221d96.wav,16
6e4b2320.wav,4
6e4f3076.wav,7
6e88aa4b.wav,0
6ecaa22e.wav,4
6f0fc3d6.wav,21
6f29b631.wav,0
6f2a72d4.wav,4
6f6177e3.wav,7
6f820102.wav,38
6fab4698.wav,2
6faf61ae.wav,37
6fb016e5.wav,2
6fb806a0.wav,2
70092d7c.wav,2
702b9700.wav,16
7089fa20.wav,16
708b5748.wav,6
70cdfeb4.wav,4
70d0828f.wav,21
70efab27.wav,2
70fa0b6e.wav,16
70fea9e8.wav,7
7132bfb1.wav,2
715c2a4d.wav,21
71652ecd.wav,16
71674cef.wav,7
716d9164.wav,2
716e5db8.wav,4
71893c70.wav,2
71b7d476.wav,2
71c33981.wav,2
71c3d2a6.wav,5
7200dcc1.wav,4
72296a99.wav,13
72418c07.wav,2
7251fb2f.wav,29
72770940.wav,16
72828b0d.wav,39
72946d8c.wav,7
72abe5b6.wav,16
72e235ed.wav,16
7324bf5e.wav,2
732a8dcb.wav,2
73452b46.wav,7
7358244d.wav,37
738ae2b1.wav,16
73a62768.wav,16
73c9168b.wav,4
74746d8f.wav,16
74965da6.wav,4
74b03705.wav,7
74c62cb9.wav,7
74db1a90.wav,38
74ebbfd1.wav,39
74f9f0b4.wav,37
74feee4f.wav,4
750c5118.wav,4
751a5a36.wav,20
7535238d.wav,7
753937a1.wav,0
75c38d6a.wav,16
75ce3b44.wav,16
75fc4be6.wav,7
763241e6.wav,16
76451aea.wav,7
766e9862.wav,16
76a824aa.wav,2
76ab680e.wav,2
76ce29de.wav,2
76e68d7a.wav,4
775583cb.wav,7
77849fd9.wav,2
77d2cf62.wav,0
7805dff9.wav,16
780dadc3.wav,4
78111e40.wav,21
781499f3.wav,2
781c8069.wav,4
7833c141.wav,7
78885fa8.wav,4
78a1ecfe.wav,4
78a387d6.wav,4
78c0a3e5.wav,7
78c53e09.wav,19
78f8dae9.wav,0
7901b500.wav,16
790c0a14.wav,7
7914d30f.wav,2
79346331.wav,2
797780fa.wav,1
7988444e.wav,7
7990842b.wav,4
79aa749f.wav,4
7a29799f.wav,21
7a384640.wav,21
7a3dfe00.wav,21
7a5aa493.wav,16
7a720227.wav,2
7a774e4f.wav,7
7a985ef9.wav,4
7aa58339.wav,37
7ab9f7af.wav,7
7aba998a.wav,21
7ac71752.wav,2
7b188557.wav,7
7b3c2236.wav,37
7b578497.wav,16
7b851138.wav,6
7bcf5502.wav,16
7c302da7.wav,21
7c42fa6a.wav,16
7c444d1b.wav,2
7c7e7193.wav,2
7c99b1d0.wav,0
7cd33080.wav,16
7cf717b3.wav,1
7d106d05.wav,39
7d2930a1.wav,21
7d2d2922.wav,2
7d559dd9.wav,4
7da39019.wav,0
7dae1b90.wav,2
7db815c8.wav,2
7dcf0baf.wav,38
7dd7650c.wav,21
7df6b578.wav,0
7e0efff6.wav,2
7e1f82fb.wav,2
7e20df38.wav,2
7e4dd1d8.wav,4
7e54ba11.wav,16
7e7e1779.wav,16
7e84a01c.wav,7
7e916035.wav,2
7ea3840f.wav,16
7ee759e4.wav,16
7f007a94.wav,4
7f1c8dbf.wav,2
7f542379.wav,2
7f6e598b.wav,16
7fba46d9.wav,7
7fbe22d1.wav,16
7ff0c941.wav,7
8011e586.wav,21
8057829f.wav,22
8087fda0.wav,16
8098877d.wav,7
80b95bbe.wav,2
80e40da8.wav,38
81009d0e.wav,2
81186eec.wav,2
8128ca7b.wav,39
81739d68.wav,2
81d094d7.wav,21
81ff71ac.wav,2
81ffe0ce.wav,16
8209d1c5.wav,7
8214c13a.wav,38
821c541d.wav,21
826a4236.wav,16
827271b7.wav,7
827ee8c4.wav,4
828e6e9b.wav,16
82b92515.wav,16
8302c965.wav,4
830bfcac.wav,2
830ed5a6.wav,7
831b3128.wav,16
83797d9c.wav,21
83874eed.wav,37
83d94148.wav,16
83ea3238.wav,16
8464084e.wav,37
847f676f.wav,7
84814983.wav,2
84b28400.wav,1
84b42959.wav,7
84d799c6.wav,4
84ebfa64.wav,7
850adb61.wav,2
85687781.wav,4
85adb747.wav,14
863286c4.wav,38
8639a0df.wav,16
863b390d.wav,39
86503b54.wav,7
8651223b.wav,2
86523900.wav,7
8691659b.wav,2
86c07637.wav,37
86e51726.wav,7
8708a3b1.wav,7
870a15ad.wav,4
871a4aef.wav,7
876202c8.wav,2
876edcdb.wav,7
87880c7f.wav,16
878fb6f3.wav,4
87f7864f.wav,4
880bb433.wav,16
88477979.wav,16
8855051b.wav,14
88637187.wav,21
887abe35.wav,16
889e311f.wav,29
88b8da56.wav,4
88b93704.wav,4
88d0f494.wav,4
88d9ec5f.wav,4
88e748d7.wav,4
88e9017f.wav,21
88fa93e4.wav,16
89049760.wav,4
89171d87.wav,7
8989a18a.wav,2
89a93553.wav,4
89db586a.wav,21
8a4865fe.wav,7
8a65cf0f.wav,14
8a8290ff.wav,7
8a94d1c5.wav,20
8a97db28.wav,21
8affb34b.wav,16
8b3869ca.wav,7
8b6ab5a1.wav,2
8bbc0de9.wav,2
8bd2fdda.wav,7
8bf5bdd4.wav,4
8bfb26bc.wav,21
8c2ff0ad.wav,2
8c3c6eb5.wav,7
8c87e590.wav,4
8cbaca1f.wav,16
8cdb9817.wav,16
8d8a9fe6.wav,7
8d9b0fa8.wav,7
8db42250.wav,2
8db57365.wav,16
8dc01b71.wav,7
8e1e194b.wav,7
8e543156.wav,2
8e77c215.wav,2
8e7b6d22.wav,7
8e80910b.wav,16
8e8c8e9e.wav,16
8e90f043.wav,21
8e9c768c.wav,21
8eb1ea97.wav,16
8ee42916.wav,38
8f2f5560.wav,2
8f30ba84.wav,2
8f4d7c8b.wav,16
8f550587.wav,2
8fc53634.wav,2
8fd15263.wav,7
8fd16cd5.wav,2
8fe0a08b.wav,7
8fed5fb1.wav,2
900a1b82.wav,7
900c7baa.wav,7
903de3b1.wav,38
905ff3c7.wav,16
90899f2b.wav,4
908bb124.wav,16
90913acd.wav,2
90989b31.wav,0
90e5084a.wav,38
913e636a.wav,7
91438db2.wav,16
918d8fc9.wav,20
91915055.wav,4
91942bdb.wav,18
91a1fc6e.wav,4
91c2212f.wav,7
91df3930.wav,4
92237146.wav,2
9231c456.wav,7
92459670.wav,4
9254f785.wav,7
9256c7f4.wav,1
925d7f4c.wav,9
9275c40a.wav,18
92929652.wav,39
9292ebee.wav,16
92acd757.wav,2
9310ab02.wav,7
9339c74d.wav,16
93a55c7b.wav,4
93b20f55.wav,7
93bf1b3e.wav,2
93bfb387.wav,7
93c075c2.wav,0
93d67fa0.wav,38
93ef28f5.wav,16
94194eaa.wav,4
94a36a13.wav,2
94be89da.wav,7
94c30fed.wav,2
95248d50.wav,4
95759620.wav,21
958f6785.wav,2
9593d4ac.wav,7
95baaac3.wav,2
95f4bd85.wav,7
960102c9.wav,4
9607e8bd.wav,21
961a6103.wav,2
96420f62.wav,7
96548650.wav,4
969e9b00.wav,2
96ab3c1e.wav,2
96ac5c41.wav,7
96c47ec1.wav,2
96f7a0c5.wav,8
9791705b.wav,4
97965f1f.wav,4
979fe515.wav,4
97e1ba14.wav,7
97e724da.wav,8
98199480.wav,16
981dac47.wav,7
9862bcfa.wav,4
98c4a766.wav,39
98cb2af8.wav,2
9917b8ec.wav,7
991bf286.wav,16
991fdf35.wav,16
995c229f.wav,7
9980da68.wav,29
99a93799.wav,5
99c5bef4.wav,7
99cf60eb.wav,16
99e1854a.wav,21
9a00e058.wav,2
9a0217d4.wav,4
9a038247.wav,7
9a0f1d2b.wav,1
9a15fa1b.wav,22
9a1b776f.wav,2
9a4b948b.wav,16
9a5526c3.wav,4
9a6d456d.wav,7
9a78c808.wav,16
9a7a3681.wav,4
9a818259.wav,7
9a96c44a.wav,7
9a9a8b04.wav,7
9ac3ffa8.wav,7
9ad09b7d.wav,21
9b174107.wav,39
9b3f9aae.wav,16
9b4c38a0.wav,4
9b660e81.wav,2
9b7614f5.wav,16
9b7dba6d.wav,37
9ba882fa.wav,4
9bb8f8b6.wav,7
9bbc1586.wav,2
9beda058.wav,2
9c5b37c5.wav,4
9c69283b.wav,21
9c9dbb32.wav,2
9ceaec5b.wav,2
9d4f422d.wav,16
9d61aae9.wav,21
9d74da66.wav,2
9d9415dd.wav,2
9db13501.wav,7
9dbcbf06.wav,21
9dc56bef.wav,2
9dfc41b6.wav,16
9e5b7c97.wav,4
9e80637b.wav,4
9e834633.wav,4
9e91e5c3.wav,4
9ebdb103.wav,0
9ebff0e2.wav,2
9ecb4a2b.wav,7
9ee8e9db.wav,16
9f220638.wav,4
9f25b109.wav,37
9f44cf6f.wav,2
9f5a58fe.wav,4
9f9dfd2e.wav,2
9fddfb26.wav,7
a016a70f.wav,7
a0191d02.wav,4
a080db76.wav,2
a1302ddc.wav,7
a165a167.wav,0
a178e238.wav,16
a1ea3e06.wav,16
a1ef1604.wav,4
a22a4fb8.wav,16
a298b6d2.wav,4
a2a3c004.wav,7
a2a63df7.wav,21
a32963fc.wav,7
a358edc9.wav,0
a36e82f6.wav,16
a38b310f.wav,16
a3f46788.wav,2
a404696a.wav,16
a423aa68.wav,7
a42de149.wav,16
a44d9416.wav,2
a45ae740.wav,2
a46aba69.wav,16
a486c5b3.wav,2
a4c783a1.wav,4
a4f3f1fc.wav,2
a5021e64.wav,4
a50fd0d6.wav,14
a5732b01.wav,2
a5ba14cb.wav,2
a5d8e33c.wav,7
a5f517eb.wav,2
a603751d.wav,7
a60d8975.wav,7
a60f0c3a.wav,21
a63b78df.wav,2
a6548091.wav,2
a65bc621.wav,7
a66af5cc.wav,7
a6dc2138.wav,2
a70453d9.wav,16
a70c1514.wav,4
a778cd31.wav,2
a7a0e86c.wav,16
a7ce8007.wav,4
a7fe8283.wav,2
a808c4c0.wav,7
a809d239.wav,16
a8485ad1.wav,38
a870269c.wav,7
a8abfadf.wav,16
a8e1ec3a.wav,37
a8ec0152.wav,21
a8edc015.wav,2
a917d368.wav,2
a93a2e9b.wav,4
a9899813.wav,16
a989e35a.wav,7
a99a6d8d.wav,2
a9a2c41a.wav,2
a9b26cd0.wav,16
a9d8d3bf.wav,7
aa3535d0.wav,16
aa42b21d.wav,2
aa4c7b6d.wav,38
aaaedde3.wav,7
aab4ae7e.wav,16
aac3f03f.wav,21
aae35a7c.wav,7
aaf107fd.wav,38
aaf4de8d.wav,7
aaf6f381.wav,4
ab408dc7.wav,2
ab4c42b8.wav,4
ab5295d4.wav,7
ab5c3274.wav,16
ab5fd952.wav,16
ab6e353a.wav,4
abc850c5.wav,7
abd88f50.wav,37
abea2ac0.wav,21
ac41f36e.wav,16
ac822579.wav,39
acb2260c.wav,4
ad1f2187.wav,16
ad323692.wav,7
ad4c828c.wav,7
ad5821b3.wav,24
ad617575.wav,34
ad7b2dfe.wav,4
ad814adf.wav,1
ad8a6cdd.wav,2
ad936e6a.wav,4
add600ff.wav,7
adf7b2fa.wav,7
ae302df0.wav,4
ae3dc480.wav,2
ae4fbd56.wav,4
ae57c6d1.wav,7
ae62b053.wav,16
aeade423.wav,8
aeaf288a.wav,2
aececc9c.wav,16
aed23c4c.wav,2
aeeb9ba1.wav,7
af0d524d.wav,2
af50ad38.wav,7
af58d61c.wav,2
af718910.wav,2
af798daf.wav,2
af853666.wav,38
af997cb4.wav,2
afb7cbde.wav,4
afcc37db.wav,21
afd0fa76.wav,16
afee7102.wav,16
affa1b00.wav,1
b005aa55.wav,7
b03a0f28.wav,4
b0750e04.wav,4
b0b44aa0.wav,4
b0d8c16e.wav,7
b0e7ac94.wav,4
b0f4e4c0.wav,16
b10faf86.wav,16
b11cedd4.wav,4
b138fc4e.wav,2
b14ca264.wav,2
b15d1c39.wav,7
b16f66a5.wav,20
b178663a.wav,4
b1dda744.wav,38
b20f3780.wav,2
b212832d.wav,37
b25222dc.wav,7
b27400cc.wav,7
b27cc368.wav,21
b281bf41.wav,7
b3114876.wav,2
b34f01f2.wav,0
b35bd100.wav,2
b3672ab6.wav,7
b3728378.wav,4
b3745348.wav,2
b37d9cb1.wav,2
b3cecea8.wav,7
b3dccc04.wav,7
b3eaac5a.wav,1
b418dcc1.wav,4
b41c3cff.wav,7
b447eabb.wav,7
b44a7aea.wav,29
b4559f80.wav,0
b49c8b17.wav,7
b4affeda.wav,16
b51bb236.wav,7
b51cda37.wav,16
b5210807.wav,16
b5376c25.wav,14
b53f8883.wav,21
b599e873.wav,2
b60f81cc.wav,16
b6270582.wav,16
b64952a0.wav,16
b6732369.wav,4
b673a7e4.wav,4
b6b9955c.wav,4
b6ba6d3f.wav,7
b6e3bde4.wav,21
b6e44fb9.wav,16
b6e8a0a0.wav,16
b71117e5.wav,16
b71fdcb8.wav,16
b73e7a68.wav,4
b74030bf.wav,7
b772ee5c.wav,4
b795119f.wav,39
b7b23c9e.wav,16
b7d6644f.wav,4
b7d8f1ab.wav,7
b83024d6.wav,2
b835747f.wav,16
b8357aed.wav,16
b849f1bd.wav,7
b86810ff.wav,2
b8bcad0b.wav,4
b8dc7f65.wav,39
b8eae087.wav,4
b902b505.wav,16
b9bfa602.wav,4
b9d94146.wav,16
b9e4e480.wav,4
b9ea68ec.wav,7
b9f3e65d.wav,39
ba0261a2.wav,2
ba121fa8.wav,16
ba12c593.wav,2
ba2fad40.wav,16
ba3afdb2.wav,7
ba696ee8.wav,34
ba7231f9.wav,7
ba7d187a.wav,2
ba86c15f.wav,7
ba873ba8.wav,22
ba880ef0.wav,7
ba8b552a.wav,16
ba8c5897.wav,21
bacb769e.wav,4
baeaecb2.wav,2
baed2e76.wav,7
bb634fa2.wav,4
bb867bef.wav,7
bbd71d91.wav,16
bbea2f9f.wav,2
bc0d54b5.wav,2
bc26ba19.wav,30
bc39ca14.wav,7
bccd2cb3.wav,4
bcda4910.wav,2
bcf99eb3.wav,2
bd16d29a.wav,0
bd23c357.wav,4
bd271732.wav,2
bd58d191.wav,2
bd79cbb8.wav,7
bd9cf441.wav,38
bdc28adc.wav,7
bdd0b24e.wav,2
be264bf2.wav,22
be4c1d3d.wav,4
be8b491b.wav,7
be8c3977.wav,16
bec6e952.wav,7
bf18d4d9.wav,7
bf35e0b4.wav,7
bf91197a.wav,2
bf9e476f.wav,7
bfb8266c.wav,21
bff6fd75.wav,2
c0101ab7.wav,38
c026ed78.wav,7
c0aee559.wav,38
c0ccc207.wav,2
c0e548b3.wav,4
c0ea0aff.wav,4
c0f3b6a8.wav,18
c0fe39ac.wav,18
c10c20a5.wav,16
c115b8f1.wav,7
c1170d82.wav,7
c1649747.wav,16
c180a40c.wav,4
c189f572.wav,2
c1a7eee4.wav,21
c1b02559.wav,2
c1f6ba21.wav,7
c2219fbd.wav,16
c27d5a45.wav,16
c291920c.wav,7
c2a7b375.wav,2
c2cbb479.wav,7
c2ef914d.wav,10
c2f23f06.wav,16
c3090cde.wav,21
c341e319.wav,7
c3730a20.wav,38
c3b2c6c6.wav,2
c3b5c2a4.wav,37
c3e9acc2.wav,7
c400324f.wav,16
c4466de3.wav,7
c4901490.wav,16
c4a036ee.wav,16
c4a0ca0b.wav,7
c4d66412.wav,4
c4f1db9c.wav,16
c511c95f.wav,7
c517e7cc.wav,21
c5505704.wav,16
c558e1f4.wav,16
c590b377.wav,4
c591ee8d.wav,0
c5a307f5.wav,37
c5bfaf2c.wav,4
c60254d2.wav,16
c607b764.wav,2
c69ff222.wav,7
c6cd02cf.wav,7
c6d8f5e0.wav,39
c6e2659c.wav,21
c6f186a1.wav,7
c71d4dca.wav,16
c7226477.wav,7
c782e255.wav,21
c78ff1f2.wav,7
c7a77b40.wav,7
c7b54c0b.wav,30
c7b5ef5b.wav,2
c82443fc.wav,4
c865bec6.wav,21
c8fa5db4.wav,4
c92e687c.wav,37
c95aa254.wav,6
c967660f.wav,37
c9684414.wav,16
c99a185c.wav,4
c9a6616a.wav,2
c9d7e926.wav,4
c9f21d67.wav,2
ca60ec85.wav,7
ca69e09f.wav,7
ca9edfd7.wav,16
cabee68d.wav,18
caecc4f5.wav,4
caf4c3d2.wav,7
caf91949.wav,16
cafdbf9a.wav,2
cb31eca9.wav,4
cb467274.wav,7
cb7e344e.wav,16
cbcd005a.wav,16
cbe28d7e.wav,7
cbe34ca9.wav,7
cbfad5d5.wav,4
cc0610b5.wav,4
cc8320de.wav,2
ccbf92d8.wav,2
ccedeaf8.wav,7
cd1c3d00.wav,7
cd35b71d.wav,16
cd40c42c.wav,4
cd4c14f9.wav,7
cd58c8ce.wav,7
cd605279.wav,4
cd6dd770.wav,39
cdf81fc0.wav,38
ce06a3ca.wav,39
ce091e31.wav,21
ce1d5c23.wav,7
ce203f06.wav,7
ce295bfd.wav,38
ce3e08ea.wav,21
ce48ccbb.wav,21
ce8172d5.wav,2
ce99f94c.wav,7
ceb6e9c1.wav,16
ceec151c.wav,21
cf109573.wav,4
cf156f7d.wav,39
cf7b4e97.wav,4
cf83e7ed.wav,4
cf99e424.wav,4
cfb76128.wav,16
cfd05410.wav,16
cfd7f8d1.wav,7
cfe27a89.wav,4
d034f755.wav,7
d037cc6b.wav,7
d04b6cac.wav,38
d06d9b40.wav,16
d0bfea10.wav,7
d0d3cc84.wav,2
d0ef54a2.wav,30
d1109918.wav,16
d1247548.wav,16
d129d523.wav,2
d12d7a17.wav,7
d194d19d.wav,4
d1aa0a93.wav,16
d1ab2601.wav,4
d1ad565b.wav,21
d1ee15b3.wav,37
d202bb43.wav,39
d2196aad.wav,2
d232f1c0.wav,7
d29dd7be.wav,16
d2ad2076.wav,39
d2d332ba.wav,16
d3248fad.wav,4
d34b810d.wav,4
d3742309.wav,2
d3746aad.wav,2
d38d7ebf.wav,7
d3cb7701.wav,4
d3f95efd.wav,38
d3fa5fa6.wav,7
d40aa0bb.wav,37
d40e260e.wav,2
d43d08ff.wav,38
d4477932.wav,37
d46f46a8.wav,4
d495d9a1.wav,16
d4b15d81.wav,7
d4c3c292.wav,21
d4cffb09.wav,4
d5517596.wav,7
d5ea3aac.wav,2
d5f0276f.wav,16
d66d5451.wav,2
d67637cd.wav,16
d69a204d.wav,16
d6e5aa58.wav,16
d6f00331.wav,2
d72fb928.wav,2
d74d8ad3.wav,16
d77b0d9a.wav,16
d7b4492c.wav,2
d7b731c9.wav,37
d7dd4152.wav,7
d7ef47aa.wav,7
d80b2fa9.wav,2
d816f5ab.wav,7
d833a5d3.wav,7
d8343470.wav,4
d84c7dba.wav,7
d8544a7d.wav,16
d86a398c.wav,7
d88c0e0c.wav,21
d8a754e9.wav,7
d8afda0d.wav,2
d8f8c95d.wav,2
d9259bbb.wav,2
d92c5d94.wav,4
d964545f.wav,16
d9807c36.wav,7
d9d2b215.wav,7
da04151b.wav,21
da25f8e0.wav,5
da37cfed.wav,21
da505864.wav,4
da909377.wav,4
da9a50f7.wav,16
daad94be.wav,27
daad9815.wav,4
db059e4f.wav,39
db3dd8f6.wav,38
db3fabc3.wav,39
db434d06.wav,39
db7c4924.wav,2
db850cb9.wav,16
dbc94176.wav,7
dbd90236.wav,4
dc16466b.wav,2
dc390dcd.wav,7
dc7614ee.wav,0
dc9b398e.wav,7
dca5d770.wav,7
dcaaa99a.wav,7
dcba9f5f.wav,21
dcbe0c07.wav,16
dcc30284.wav,2
dcc656bb.wav,16
dcd294f8.wav,7
dd159e43.wav,4
dd33a977.wav,4
dd3650f9.wav,16
dd3e691c.wav,16
dd9ec945.wav,16
ddbd7659.wav,16
de39242c.wav,6
debd7ead.wav,7
df5a3843.wav,4
df62e13c.wav,16
df791b3d.wav,7
df855c2d.wav,2
dfb669c0.wav,4
dfbf13a1.wav,16
dfd95f88.wav,2
dfec892c.wav,17
dff8a9ed.wav,7
e016ff6d.wav,16
e0273514.wav,7
e06bfc3d.wav,2
e0bfc4ec.wav,16
e10f3d3d.wav,2
e11bf16f.wav,2
e122ef4b.wav,21
e13193af.wav,4
e14ebc15.wav,21
e19618a0.wav,4
e1eccf73.wav,16
e233206c.wav,2
e2529ad3.wav,16
e25b3e5d.wav,4
e26962f7.wav,7
e26b56a0.wav,37
e291574a.wav,7
e2adb002.wav,16
e2c0033d.wav,2
e2ebb0d4.wav,7
e2f1bb44.wav,16
e3181aa6.wav,4
e3d14322.wav,21
e3da2467.wav,16
e3f1f2f9.wav,2
e41c3eb7.wav,4
e42e92a8.wav,21
e43c7c05.wav,21
e4434129.wav,16
e471c021.wav,16
e4f4db8a.wav,7
e4fa28a5.wav,21
e52a2307.wav,12
e52b69c9.wav,4
e52be4bf.wav,16
e53745ef.wav,7
e56861aa.wav,21
e5904a98.wav,7
e599f9a5.wav,4
e59a6c67.wav,16
e5b55482.wav,16
e60b726b.wav,2
e636c796.wav,38
e63b43cc.wav,7
e6716acd.wav,7
e68d02a3.wav,4
e6935965.wav,16
e6c9f3d1.wav,7
e6e81ed9.wav,2
e708f1b5.wav,21
e733c9fe.wav,37
e73f63ba.wav,38
e745da1a.wav,16
e75d168a.wav,16
e788f361.wav,2
e7a1c468.wav,4
e7aea59f.wav,4
e7dfd1f3.wav,11
e7e75f85.wav,14
e802f454.wav,38
e807f6d1.wav,4
e8482b24.wav,21
e88ac772.wav,7
e8d22c44.wav,2
e92a2c5c.wav,16
e9419826.wav,7
e9561a4a.wav,2
e95cd1fd.wav,7
e9a2e14c.wav,2
ea14cf6b.wav,39
ea3bafcb.wav,7
ea668c6c.wav,14
eac9edae.wav,2
eafea238.wav,2
eb766c1e.wav,16
eb9ac3d4.wav,16
ebb461fd.wav,38
ebe4a115.wav,2
ec2811f7.wav,7
ec444504.wav,2
ec60d3e8.wav,4
ec93b51f.wav,7
ecb2bfad.wav,7
ecdfcd76.wav,7
ece800f0.wav,38
ed2e9480.wav,7
ed8de473.wav,7
ed9385de.wav,4
edafe1b0.wav,16
edb9e802.wav,2
ee043a5f.wav,7
ee081c32.wav,4
ee0af43d.wav,21
ee2807a5.wav,16
ee4117a2.wav,16
ee7abf4b.wav,21
eea2fb52.wav,8
eece6e6b.wav,2
eed88f43.wav,7
eed9adad.wav,4
eee36886.wav,2
eef082f3.wav,4
ef052116.wav,7
ef3b3cc9.wav,7
ef5365c4.wav,4
ef59532a.wav,2
ef733ddf.wav,7
efa9dd4c.wav,7
efecc2ff.wav,16
eff45317.wav,16
f0037e36.wav,16
f007bf62.wav,2
f0242b31.wav,7
f0301749.wav,2
f0363725.wav,16
f05791ca.wav,5
f070faec.wav,4
f09d766d.wav,7
f0a08f6e.wav,7
f0a8c0af.wav,16
f0cd3b22.wav,37
f0cd4ff2.wav,21
f0d62aca.wav,7
f1034aef.wav,16
f153a007.wav,7
f18dc106.wav,7
f1909601.wav,16
f1a04183.wav,16
f1a9435c.wav,2
f1dd45a6.wav,2
f222ac0b.wav,0
f26a7d90.wav,2
f27a6fcd.wav,38
f29881fc.wav,4
f2e678fe.wav,7
f330bf67.wav,39
f33acfe4.wav,37
f35775ce.wav,6
f36cfcb5.wav,37
f3ac0e7d.wav,16
f3b7a589.wav,2
f3c8bebe.wav,7
f3fb49b4.wav,7
f42b9f0e.wav,38
f4344d88.wav,16
f4deed2a.wav,7
f4f49675.wav,7
f5311216.wav,1
f58cbc78.wav,16
f5c3bfc2.wav,2
f5d2eea4.wav,2
f5e789e8.wav,38
f5e9ae1f.wav,16
f600a363.wav,4
f604aa13.wav,4
f6200701.wav,7
f659bce2.wav,21
f65f8250.wav,2
f666dc7e.wav,21
f66fe595.wav,2
f6a19c9f.wav,2
f6bd2e28.wav,21
f6c24440.wav,37
f74301f3.wav,21
f752e0f3.wav,0
f774f554.wav,2
f7d72b9c.wav,4
f80c5b76.wav,16
f82c60a0.wav,21
f82d07b8.wav,7
f852cb30.wav,7
f8575288.wav,7
f8a6357e.wav,2
f8b0345e.wav,4
f8fb3da3.wav,7
f9018d96.wav,7
f9069fa8.wav,7
f90ae625.wav,20
f91203c2.wav,2
f945a3ca.wav,7
f96cada2.wav,4
f991465b.wav,2
f9ad38e2.wav,21
f9cbaee4.wav,7
fa140410.wav,2
fa259766.wav,4
fa420afc.wav,16
fa53e485.wav,16
fb02a136.wav,16
fb13efba.wav,21
fb2807f1.wav,21
fb3a4935.wav,7
fb3ddaa0.wav,21
fb4aed88.wav,1
fb650776.wav,4
fb6796ef.wav,7
fbc83b12.wav,1
fbedd7dd.wav,16
fbf1ed93.wav,1
fc37a395.wav,7
fc7b2c2b.wav,7
fcb11f8f.wav,1
fcccdc54.wav,2
fcd57de3.wav,7
fd104560.wav,16
fd14aca3.wav,7
fd285ac2.wav,16
fd408633.wav,16
fd4b6f1d.wav,2
fd89b0b7.wav,2
fda3a50e.wav,14
fdb29940.wav,37
fde27f1f.wav,4
fe045366.wav,16
fe63fd9b.wav,16
fee1e8e2.wav,16
fef6639c.wav,2
fefb88e2.wav,7
ff047cf4.wav,0
ff4f75ba.wav,2
ff5285a5.wav,4
ff66d0a1.wav,16
ff70ba03.wav,4
ff81cc5d.wav,1
ff97972c.wav,7
ffae796c.wav,2
ffbc5fb8.wav,4
ffbe4fbf.wav,2
